id,idx,fn
kusu,1,img/kusu_1.jpg
rara,1,img/rara_1.jpg
pysuke,1,img/pysuke_1.jpg
raito,1,img/raito_1.jpg
raito,2,img/raito_2.jpg
raito,3,img/raito_3.jpg
raito,4,img/raito_4.jpg
kaito,1,img/kaito_1.jpg
kaito,2,img/kaito_2.jpg
kaito,3,img/kaito_3.jpg
kaito,4,img/kaito_4.jpg
chacha,1,img/chacha_1.jpg
hisashi,1,img/hisashi_1.jpg
shinshin,1,img/shinshin_1.jpg
ranran,1,img/ranran_1.jpg
meishan,1,img/meishan_1.jpg
takashi,1,img/takashi_1.jpg
yuyu2,1,img/yuyu2_1.jpg
marimo,1,img/marimo_1.jpg
chao,1,img/chao_1.jpg
chamin,1,img/chamin_1.jpg
chata,1,img/chata_1.jpg
minmin,1,img/minmin_1.jpg
sakuya,1,img/sakuya_1.jpg
fafa,1,img/fafa_1.jpg
rairai,1,img/rairai_1.jpg
kirari,1,img/kirari_1.jpg
kirari,2,img/kirari_2.jpg
kirari,3,img/kirari_3.jpg
kirari,4,img/kirari_4.jpg
mutan,1,img/mutan_1.jpg
reifa,1,img/reifa_1.jpg
shunshun,1,img/shunshun_1.jpg
teiara,1,img/teiara_1.jpg
teiara,2,img/teiara_2.jpg
teiara,3,img/teiara_3.jpg
teiara,4,img/teiara_4.jpg
miruki,1,img/miruki_1.jpg
soso,1,img/soso_1.jpg
shurara,1,img/shurara_1.jpg
motchi,1,img/motchi_1.jpg
motchi,2,img/motchi_2.jpg
motchi,3,img/motchi_3.jpg
motchi,4,img/motchi_4.jpg
niko,1,img/niko_1.jpg
minfa,1,img/minfa_1.jpg
minfa,2,img/minfa_2.jpg
minfa,3,img/minfa_3.jpg
minfa,4,img/minfa_4.jpg
yan-yan2,1,img/yan-yan2_1.jpg
hikari,1,img/hikari_1.jpg
